	charge	flexibility	transmembrane	hydropathicity	polarity	bulkiness	hydrophilicity
A	0	0.36	0.38	1.8	8.1	11.5	-0.5
R	1	0.53	-2.57	-4.5	10.5	14.28	3
N	0	0.46	-1.62	-3.5	11.6	12.82	0.2
D	-1	0.51	-3.27	-3.5	13	11.68	3
C	-0.1	0.35	-0.3	2.5	5.5	13.46	-1
Q	0	0.49	-1.84	-3.5	10.5	14.45	0.2
E	-1	0.5	-2.9	-3.5	12.3	13.57	3
G	0	0.54	-0.19	-0.4	9	3.4	0
H	0.1	0.32	-1.44	-3.2	10.4	13.69	-0.5
I	0	0.46	1.97	4.5	5.2	21.4	-1.8
L	0	0.37	1.82	3.8	4.9	21.4	-1.8
K	1	0.47	-3.46	-3.9	11.3	15.71	3
M	0	0.3	1.4	1.9	5.7	16.25	-1.3
F	0	0.31	1.98	2.8	5.2	19.8	-2.5
P	0	0.51	-1.44	-1.6	8	17.43	0
S	0	0.51	-0.53	-0.8	9.2	9.47	0.3
T	0	0.44	-0.32	-0.7	8.6	15.77	-0.4
W	0	0.31	1.53	-0.9	5.4	21.67	-3.4
Y	0	0.42	0.49	-1.3	6.2	18.03	-2.3
V	0	0.39	1.46	4.2	5.9	21.57	-1.5
